File: IHME_DAH_DATABASE_1990_2018_Y2019M03D25,,,,,,,,,,,,,,,,,,,,,,,,,,,,,,,,,,,,,,,,,,,,,,,,,,,,,,,,,,,,,,,,,,,,,,,,,,,
Variable: ,year,source,channel,recipient_isocode,recipient_country,gbd_location_id,wb_regioncode,wb_location_id,gbd_region,gbd_region_id,gbd_superregion,gbd_superregion_id,elim_ch,prelim_est,dah_19,rmh_fp_dah_19,rmh_mh_dah_19,rmh_hss_other_dah_19,rmh_hss_hrh_dah_19,rmh_other_dah_19,nch_cnn_dah_19,nch_cnv_dah_19,nch_other_dah_19,nch_hss_other_dah_19,nch_hss_hrh_dah_19,hiv_treat_dah_19,hiv_prev_dah_19,hiv_pmtct_dah_19,hiv_other_dah_19,hiv_ct_dah_19,hiv_ovc_dah_19,hiv_care_dah_19,hiv_hss_other_dah_19,hiv_hss_hrh_dah_19,hiv_amr_dah_19,mal_diag_dah_19,mal_hss_other_dah_19,mal_hss_hrh_dah_19,mal_con_nets_dah_19,mal_con_irs_dah_19,mal_con_oth_dah_19,mal_treat_dah_19,mal_comm_con_dah_19,mal_other_dah_19,mal_amr_dah_19,tb_other_dah_19,tb_treat_dah_19,tb_diag_dah_19,tb_hss_other_dah_19,tb_hss_hrh_dah_19,tb_amr_dah_19,oid_hss_other_dah_19,oid_hss_hrh_dah_19,oid_ebz_dah_19,oid_zika_dah_19,oid_other_dah_19,oid_amr_dah_19,ncd_hss_other_dah_19,ncd_hss_hrh_dah_19,ncd_tobac_dah_19,ncd_mental_dah_19,ncd_other_dah_19,swap_hss_other_dah_19,swap_hss_hrh_dah_19,swap_hss_pp_dah_19,other_dah_19,rmh_dah_19,nch_dah_19,ncd_dah_19,hiv_dah_19,mal_dah_19,tb_dah_19,swap_hss_total_dah_19,oid_dah_19,unalloc_dah_19
Label:,Year,Source of funds,Channel of funding,ISO 3-digit code for recipient country,Recipient country name,Recipient Country's IHME Location ID,Recipient Country's World Bank Region Code,Recipient Country's World Bank Region ID,Recipient Country's Global Burden of Disease Region,Recipient Country's Global Burden of Disease Region ID,Recipient Country's Global Burden of Disease Superregion,Recipient Country's Global Burden of Disease Superregion ID,1= Drop to avoid double counting transfers between channels,1= Preliminary estimate,Development Assistance for Health (DAH) disbursed from channel (thousands of constant 2019 US Dollars),DAH to Reproductive and Maternal Health - Family Planning (thousands of constant 2019 US dollars),DAH to Reproductive and Maternal Health - Other maternal health (thousands of constant 2019 US dollars),DAH to Reproductive and Maternal Health - Other Health System Strengthening (thousands of constant 2019 US dollars),DAH to Reproductive and Maternal Health - Human Resources (thousands of constant 2019 US dollars),DAH to Reproductive and Maternal Health - Other (thousands of constant 2019 US dollars),DAH to Newborn and Child Health - Nutrition (thousands of constant 2019 US dollars),DAH to Newborn and Child Health - Vaccines (thousands of constant 2019 US dollars),DAH to Newborn and Child Health - Other (thousands of constant 2019 US dollars),DAH to Newborn and Child Health - Other Health System Strengthening (thousands of constant 2019 US dollars),DAH to Newborn and Child Health - Human Resources (thousands of constant 2019 US dollars),DAH to HIV - Treatment (thousands of constant 2019 US dollars),DAH to HIV - Prevention (excluding PMTCT) (thousands of constant 2019 US dollars),DAH to HIV - Prevention of Mother to Child Transmission (thousands of constant 2019 US dollars),DAH to HIV - Other (thousands of constant 2019 US dollars),DAH to HIV - Counseling and Testing (thousands of constant 2019 US dollars),DAH to HIV - Orphans and Vulnerable Children (thousands of constant 2019 US dollars),DAH to HIV - Care and Support (thousands of constant 2019 US dollars),DAH to HIV - Other Health System Strengthening (thousands of constant 2019 US dollars),DAH to HIV - Human Resources (thousands of constant 2019 US dollars),DAH to HIV - Drug Resistance (thousands of constant 2019 US dollars),DAH to Malaria - Diagnosis (millions of contstant 2019 US dollars),DAH to Malaria - Other Health System Strengthening (thousands of constant 2019 dollars),DAH to Malaria - Human Resources (thousands of constant 2019 dollars),DAH to Malaria - Bednets (thousands of constant 2019 US dollars),DAH to Malaria - Indoor residual spraying (thousands of constant 2019 US dollars),DAH to Malaria - Other Control (thousands of constant 2019 US dollars),DAH to Malaria - Treatment (thousands of constant 2019 US dollars),DAH to Malaria - Community Outreach (millions of contstant 2019 US dollars),DAH to Malaria - Other (thousands of constant 2019 US dollars),DAH to Malaria - Drug Resistance (thousands of constant 2019 US dollars),DAH to Tuberculosis - Other (thousands of constant 2019 US dollars),DAH to Tuberculosis - Treatment (thousands of constant 2019 US dollars),DAH to Tuberculosis - Diagnosis (thousands of constant 2019 US dollars),DAH to Tuberculosis - Other Health System Strengthening (thousands of constant 2019 US dollars),DAH to Tuberculosis - Human Resources (thousands of constant 2019 US dollars),DAH to Tuberculosis - Drug Resistance (thousands of constant 2019 US dollars),"DAH to Other Infectious Diseases (excluding HIV, TB and Malaria) - Other Health System Strengthening (thousands of constant 2019 US dollars)","DAH to Other Infectious Diseases (excluding HIV, TB and Malaria) - Human Resources (thousands of constant 2019 US dollars)","DAH to Other Infectious Diseases (excluding HIV, TB and Malaria) - Ebola (thousands of constant 2019 US dollars)","DAH to Other Infectious Diseases (excluding HIV, TB and Malaria) - Zika (thousands of constant 2019 US dollars)","DAH to Other Infectious Diseases (excluding HIV, TB and Malaria) - Other (thousands of constant 2019 US dollars)","DAH to Other Infectious Diseases (excluding HIV, TB and Malaria) - Antimicrobial Resistance (thousands of constant 2019 US dollars)",DAH to Non-Communicable Diseases - Other Health System Strengthening (thousands of constant 2019 US dollars),DAH to Non-Communicable Diseases - Human Resources (thousands of constant 2019 US dollars),DAH to Non-communicable Diseases - Tobacco use and prevention (thousands of constant 2019 US dollars),DAH to  to Non-communicable Diseases - Mental Health (thousands of constant 2019 US dollars),DAH to Non-Communicable Diseases - Other (thousands of constant 2019 US dollars),DAH to Health Sector Program Support - Other (thousands of constant 2019 US dollars),DAH to Health Sector Program Support - Human Resources (thousands of constant 2019 US dollars),DAH to Health Sector Program Support - Pandemic Preparedness (thousands of constant 2019 US dollars),DAH to Other Health Focus Areas (thousands of constant 2019 US dollars),DAH to Reproductive and Maternal Health - All Program Areas (thousands of constant 2019 US dollars),DAH to Newborn and Child Health - All Program Areas (thousands of constant 2019 US dollars),DAH to Non-Communicable Diseases - All Program Areas (thousands of constant 2019 US dollars),DAH to HIV - All Program Areas (thousands of constant 2019 US dollars),DAH to Malaria - All Program Areas (thousands of constant 2019 US dollars),DAH to Tuberculosis - All Program Areas (thousands of constant 2019 US dollars),DAH to Health Sector Program Support - All Program Areas (thousands of constant 2019 US dollars),"DAH to Other Infectious Diseases - All Program Areas (excluding HIV, TB and Malaria) (thousands of constant 2019 US dollars)",DAH to Unidentified Health Focus Areas (thousands of constant 2019 US dollars)
Value Coding: ,1990,Australia,AfDB,AFG,Afghanistan,160,EAP,239,"Asia, East",5,"Central Europe, Eastern Europe, and Central Asia",31,1,1,,,,,,,,,,,,,,,,,,,,,,,,,,,,,,,,,,,,,,,,,,,,,,,,,,,,,,,,,,,,,
,1991,Austria,AsDB,AGO,Angola,168,ECA,240,"Asia, Southeast",9,High-income,64,0,0,,,,,,,,,,,,,,,,,,,,,,,,,,,,,,,,,,,,,,,,,,,,,,,,,,,,,,,,,,,,,
,1992,BMGF,BIL_ARE,AIA,Anguilla,299,LAC,241,Oceania,21,Latin America and Caribbean,103,,,,,,,,,,,,,,,,,,,,,,,,,,,,,,,,,,,,,,,,,,,,,,,,,,,,,,,,,,,,,,,
,1993,Belgium,BIL_AUS,ALB,Albania,43,MNA,243,"Asia, Central",32,North Africa and Middle East,137,,,,,,,,,,,,,,,,,,,,,,,,,,,,,,,,,,,,,,,,,,,,,,,,,,,,,,,,,,,,,,,
,1994,Canada,BIL_AUT,ANT,Netherlands Antilles,370,SAS,244,"Europe, Central",42,South Asia,158,,,,,,,,,,,,,,,,,,,,,,,,,,,,,,,,,,,,,,,,,,,,,,,,,,,,,,,,,,,,,,,
,1995,China,BIL_BEL,ARG,Argentina,97,SSA,242,"Europe, Eastern",56,"Southeast Asia, East Asia, and Oceania",4,,,,,,,,,,,,,,,,,,,,,,,,,,,,,,,,,,,,,,,,,,,,,,,,,,,,,,,,,,,,,,,
,1996,Corporate_donations,BIL_CAN,ARM,Armenia,33,NA,44621,"Asia Pacific, high-income",65,Sub-Saharan Africa,166,,,,,,,,,,,,,,,,,,,,,,,,,,,,,,,,,,,,,,,,,,,,,,,,,,,,,,,,,,,,,,,
,1997,Debt_repayments,BIL_CHE,ATG,Antigua and Barbuda,105,WLD,44620,"Europe, Western",73,Unallocated/Unspecified,44598,,,,,,,,,,,,,,,,,,,,,,,,,,,,,,,,,,,,,,,,,,,,,,,,,,,,,,,,,,,,,,,
,1998,Denmark,BIL_DEU,AZE,Azerbaijan,34,,,"Latin America, Southern",96,Global,1,,,,,,,,,,,,,,,,,,,,,,,,,,,,,,,,,,,,,,,,,,,,,,,,,,,,,,,,,,,,,,,
,1999,Finland,BIL_DNK,BDI,Burundi,175,,,Caribbean,104,,,,,,,,,,,,,,,,,,,,,,,,,,,,,,,,,,,,,,,,,,,,,,,,,,,,,,,,,,,,,,,,,
,2000,France,BIL_ESP,BEN,Benin,200,,,"Latin America, Andean",120,,,,,,,,,,,,,,,,,,,,,,,,,,,,,,,,,,,,,,,,,,,,,,,,,,,,,,,,,,,,,,,,,
,2001,Germany,BIL_FIN,BFA,Burkina Faso,201,,,"Latin America, Central",124,,,,,,,,,,,,,,,,,,,,,,,,,,,,,,,,,,,,,,,,,,,,,,,,,,,,,,,,,,,,,,,,,
,2002,Greece,BIL_FRA,BGD,Bangladesh,161,,,"Latin America, Tropical",134,,,,,,,,,,,,,,,,,,,,,,,,,,,,,,,,,,,,,,,,,,,,,,,,,,,,,,,,,,,,,,,,,
,2003,Ireland,BIL_GBR,BGR,Bulgaria,45,,,North Africa/Middle East,138,,,,,,,,,,,,,,,,,,,,,,,,,,,,,,,,,,,,,,,,,,,,,,,,,,,,,,,,,,,,,,,,,
,2004,Italy,BIL_GRC,BHR,Bahrain,140,,,"Asia, South",159,,,,,,,,,,,,,,,,,,,,,,,,,,,,,,,,,,,,,,,,,,,,,,,,,,,,,,,,,,,,,,,,,
,2005,Japan,BIL_IRL,BIH,Bosnia and Herzegovina,44,,,"Sub-Saharan Africa, Central",167,,,,,,,,,,,,,,,,,,,,,,,,,,,,,,,,,,,,,,,,,,,,,,,,,,,,,,,,,,,,,,,,,
,2006,Korea,BIL_ITA,BLR,Belarus,57,,,"Sub-Saharan Africa, Eastern",174,,,,,,,,,,,,,,,,,,,,,,,,,,,,,,,,,,,,,,,,,,,,,,,,,,,,,,,,,,,,,,,,,
,2007,Luxembourg,BIL_JPN,BLZ,Belize,108,,,"Sub-Saharan Africa, Southern",192,,,,,,,,,,,,,,,,,,,,,,,,,,,,,,,,,,,,,,,,,,,,,,,,,,,,,,,,,,,,,,,,,
,2008,Netherlands,BIL_KOR,BOL,Bolivia,121,,,"Sub-Saharan Africa, Western",199,,,,,,,,,,,,,,,,,,,,,,,,,,,,,,,,,,,,,,,,,,,,,,,,,,,,,,,,,,,,,,,,,
,2009,New_Zealand,BIL_LUX,BRA,Brazil,135,,,Unallocated/Unspecified,44598,,,,,,,,,,,,,,,,,,,,,,,,,,,,,,,,,,,,,,,,,,,,,,,,,,,,,,,,,,,,,,,,,
,2010,Non_OECD_DAC_countries,BIL_NLD,BRB,Barbados,107,,,Global,1,,,,,,,,,,,,,,,,,,,,,,,,,,,,,,,,,,,,,,,,,,,,,,,,,,,,,,,,,,,,,,,,,
,2011,Norway,BIL_NOR,BTN,Bhutan,162,,,,,,,,,,,,,,,,,,,,,,,,,,,,,,,,,,,,,,,,,,,,,,,,,,,,,,,,,,,,,,,,,,,,,
,2012,Other,BIL_NZL,BWA,Botswana,193,,,,,,,,,,,,,,,,,,,,,,,,,,,,,,,,,,,,,,,,,,,,,,,,,,,,,,,,,,,,,,,,,,,,,
,2013,Other_OECD_DAC_countries,BIL_PRT,CAF,Central African Republic,169,,,,,,,,,,,,,,,,,,,,,,,,,,,,,,,,,,,,,,,,,,,,,,,,,,,,,,,,,,,,,,,,,,,,,
,2014,Portugal,BIL_SWE,CHL,Chile,98,,,,,,,,,,,,,,,,,,,,,,,,,,,,,,,,,,,,,,,,,,,,,,,,,,,,,,,,,,,,,,,,,,,,,
,2015,Private_other,BIL_USA,CHN,China,6,,,,,,,,,,,,,,,,,,,,,,,,,,,,,,,,,,,,,,,,,,,,,,,,,,,,,,,,,,,,,,,,,,,,,
,2016,Spain,BMGF,CIV,Cote d'Ivoire,205,,,,,,,,,,,,,,,,,,,,,,,,,,,,,,,,,,,,,,,,,,,,,,,,,,,,,,,,,,,,,,,,,,,,,
,2017,Sweden,CEPI,CMR,Cameroon,202,,,,,,,,,,,,,,,,,,,,,,,,,,,,,,,,,,,,,,,,,,,,,,,,,,,,,,,,,,,,,,,,,,,,,
,2018,Switzerland,EC,COD,Democratic Republic of the Congo,171,,,,,,,,,,,,,,,,,,,,,,,,,,,,,,,,,,,,,,,,,,,,,,,,,,,,,,,,,,,,,,,,,,,,,
,2019,Unallocable,EEA,COG,Congo,170,,,,,,,,,,,,,,,,,,,,,,,,,,,,,,,,,,,,,,,,,,,,,,,,,,,,,,,,,,,,,,,,,,,,,
,,United_Kingdom,GAVI,COK,Cook Islands,320,,,,,,,,,,,,,,,,,,,,,,,,,,,,,,,,,,,,,,,,,,,,,,,,,,,,,,,,,,,,,,,,,,,,,
,,United_States,GFATM,COL,Colombia,125,,,,,,,,,,,,,,,,,,,,,,,,,,,,,,,,,,,,,,,,,,,,,,,,,,,,,,,,,,,,,,,,,,,,,
,,,IDB,COM,Comoros,176,,,,,,,,,,,,,,,,,,,,,,,,,,,,,,,,,,,,,,,,,,,,,,,,,,,,,,,,,,,,,,,,,,,,,
,,,INTLNGO,CPV,Cape Verde,203,,,,,,,,,,,,,,,,,,,,,,,,,,,,,,,,,,,,,,,,,,,,,,,,,,,,,,,,,,,,,,,,,,,,,
,,,NGO,CRI,Costa Rica,126,,,,,,,,,,,,,,,,,,,,,,,,,,,,,,,,,,,,,,,,,,,,,,,,,,,,,,,,,,,,,,,,,,,,,
,,,PAHO,CUB,Cuba,109,,,,,,,,,,,,,,,,,,,,,,,,,,,,,,,,,,,,,,,,,,,,,,,,,,,,,,,,,,,,,,,,,,,,,
,,,UNAIDS,CXR,Christmas Island,318,,,,,,,,,,,,,,,,,,,,,,,,,,,,,,,,,,,,,,,,,,,,,,,,,,,,,,,,,,,,,,,,,,,,,
,,,UNFPA,CZE,Czech Republic,47,,,,,,,,,,,,,,,,,,,,,,,,,,,,,,,,,,,,,,,,,,,,,,,,,,,,,,,,,,,,,,,,,,,,,
,,,UNICEF,DJI,Djibouti,177,,,,,,,,,,,,,,,,,,,,,,,,,,,,,,,,,,,,,,,,,,,,,,,,,,,,,,,,,,,,,,,,,,,,,
,,,UNITAID,DMA,Dominica,110,,,,,,,,,,,,,,,,,,,,,,,,,,,,,,,,,,,,,,,,,,,,,,,,,,,,,,,,,,,,,,,,,,,,,
,,,US_FOUND,DOM,Dominican Republic,111,,,,,,,,,,,,,,,,,,,,,,,,,,,,,,,,,,,,,,,,,,,,,,,,,,,,,,,,,,,,,,,,,,,,,
,,,WB,DZA,Algeria,139,,,,,,,,,,,,,,,,,,,,,,,,,,,,,,,,,,,,,,,,,,,,,,,,,,,,,,,,,,,,,,,,,,,,,
,,,WB_IBRD,ECU,Ecuador,122,,,,,,,,,,,,,,,,,,,,,,,,,,,,,,,,,,,,,,,,,,,,,,,,,,,,,,,,,,,,,,,,,,,,,
,,,WB_IDA,EGY,Egypt,141,,,,,,,,,,,,,,,,,,,,,,,,,,,,,,,,,,,,,,,,,,,,,,,,,,,,,,,,,,,,,,,,,,,,,
,,,WHO,ERI,Eritrea,178,,,,,,,,,,,,,,,,,,,,,,,,,,,,,,,,,,,,,,,,,,,,,,,,,,,,,,,,,,,,,,,,,,,,,
,,,,EST,Estonia,58,,,,,,,,,,,,,,,,,,,,,,,,,,,,,,,,,,,,,,,,,,,,,,,,,,,,,,,,,,,,,,,,,,,,,
,,,,ETH,Ethiopia,179,,,,,,,,,,,,,,,,,,,,,,,,,,,,,,,,,,,,,,,,,,,,,,,,,,,,,,,,,,,,,,,,,,,,,
,,,,FJI,Fiji,22,,,,,,,,,,,,,,,,,,,,,,,,,,,,,,,,,,,,,,,,,,,,,,,,,,,,,,,,,,,,,,,,,,,,,
,,,,FSM,Federated States of Micronesia,25,,,,,,,,,,,,,,,,,,,,,,,,,,,,,,,,,,,,,,,,,,,,,,,,,,,,,,,,,,,,,,,,,,,,,
,,,,GAB,Gabon,173,,,,,,,,,,,,,,,,,,,,,,,,,,,,,,,,,,,,,,,,,,,,,,,,,,,,,,,,,,,,,,,,,,,,,
,,,,GEO,Georgia,35,,,,,,,,,,,,,,,,,,,,,,,,,,,,,,,,,,,,,,,,,,,,,,,,,,,,,,,,,,,,,,,,,,,,,
,,,,GHA,Ghana,207,,,,,,,,,,,,,,,,,,,,,,,,,,,,,,,,,,,,,,,,,,,,,,,,,,,,,,,,,,,,,,,,,,,,,
,,,,GIN,Guinea,208,,,,,,,,,,,,,,,,,,,,,,,,,,,,,,,,,,,,,,,,,,,,,,,,,,,,,,,,,,,,,,,,,,,,,
,,,,GMB,The Gambia,206,,,,,,,,,,,,,,,,,,,,,,,,,,,,,,,,,,,,,,,,,,,,,,,,,,,,,,,,,,,,,,,,,,,,,
,,,,GNB,Guinea-Bissau,209,,,,,,,,,,,,,,,,,,,,,,,,,,,,,,,,,,,,,,,,,,,,,,,,,,,,,,,,,,,,,,,,,,,,,
,,,,GNQ,Equatorial Guinea,172,,,,,,,,,,,,,,,,,,,,,,,,,,,,,,,,,,,,,,,,,,,,,,,,,,,,,,,,,,,,,,,,,,,,,
,,,,GRD,Grenada,112,,,,,,,,,,,,,,,,,,,,,,,,,,,,,,,,,,,,,,,,,,,,,,,,,,,,,,,,,,,,,,,,,,,,,
,,,,GTM,Guatemala,128,,,,,,,,,,,,,,,,,,,,,,,,,,,,,,,,,,,,,,,,,,,,,,,,,,,,,,,,,,,,,,,,,,,,,
,,,,GUY,Guyana,113,,,,,,,,,,,,,,,,,,,,,,,,,,,,,,,,,,,,,,,,,,,,,,,,,,,,,,,,,,,,,,,,,,,,,
,,,,HND,Honduras,129,,,,,,,,,,,,,,,,,,,,,,,,,,,,,,,,,,,,,,,,,,,,,,,,,,,,,,,,,,,,,,,,,,,,,
,,,,HRV,Croatia,46,,,,,,,,,,,,,,,,,,,,,,,,,,,,,,,,,,,,,,,,,,,,,,,,,,,,,,,,,,,,,,,,,,,,,
,,,,HTI,Haiti,114,,,,,,,,,,,,,,,,,,,,,,,,,,,,,,,,,,,,,,,,,,,,,,,,,,,,,,,,,,,,,,,,,,,,,
,,,,HUN,Hungary,48,,,,,,,,,,,,,,,,,,,,,,,,,,,,,,,,,,,,,,,,,,,,,,,,,,,,,,,,,,,,,,,,,,,,,
,,,,IDN,Indonesia,11,,,,,,,,,,,,,,,,,,,,,,,,,,,,,,,,,,,,,,,,,,,,,,,,,,,,,,,,,,,,,,,,,,,,,
,,,,IND,India,163,,,,,,,,,,,,,,,,,,,,,,,,,,,,,,,,,,,,,,,,,,,,,,,,,,,,,,,,,,,,,,,,,,,,,
,,,,IRN,Iran,142,,,,,,,,,,,,,,,,,,,,,,,,,,,,,,,,,,,,,,,,,,,,,,,,,,,,,,,,,,,,,,,,,,,,,
,,,,IRQ,Iraq,143,,,,,,,,,,,,,,,,,,,,,,,,,,,,,,,,,,,,,,,,,,,,,,,,,,,,,,,,,,,,,,,,,,,,,
,,,,JAM,Jamaica,115,,,,,,,,,,,,,,,,,,,,,,,,,,,,,,,,,,,,,,,,,,,,,,,,,,,,,,,,,,,,,,,,,,,,,
,,,,JOR,Jordan,144,,,,,,,,,,,,,,,,,,,,,,,,,,,,,,,,,,,,,,,,,,,,,,,,,,,,,,,,,,,,,,,,,,,,,
,,,,KAZ,Kazakhstan,36,,,,,,,,,,,,,,,,,,,,,,,,,,,,,,,,,,,,,,,,,,,,,,,,,,,,,,,,,,,,,,,,,,,,,
,,,,KEN,Kenya,180,,,,,,,,,,,,,,,,,,,,,,,,,,,,,,,,,,,,,,,,,,,,,,,,,,,,,,,,,,,,,,,,,,,,,
,,,,KGZ,Kyrgyzstan,37,,,,,,,,,,,,,,,,,,,,,,,,,,,,,,,,,,,,,,,,,,,,,,,,,,,,,,,,,,,,,,,,,,,,,
,,,,KHM,Cambodia,10,,,,,,,,,,,,,,,,,,,,,,,,,,,,,,,,,,,,,,,,,,,,,,,,,,,,,,,,,,,,,,,,,,,,,
,,,,KIR,Kiribati,23,,,,,,,,,,,,,,,,,,,,,,,,,,,,,,,,,,,,,,,,,,,,,,,,,,,,,,,,,,,,,,,,,,,,,
,,,,KNA,Saint Kitts and Nevis,393,,,,,,,,,,,,,,,,,,,,,,,,,,,,,,,,,,,,,,,,,,,,,,,,,,,,,,,,,,,,,,,,,,,,,
,,,,KOR,South Korea,68,,,,,,,,,,,,,,,,,,,,,,,,,,,,,,,,,,,,,,,,,,,,,,,,,,,,,,,,,,,,,,,,,,,,,
,,,,KSV,Kosovo,359,,,,,,,,,,,,,,,,,,,,,,,,,,,,,,,,,,,,,,,,,,,,,,,,,,,,,,,,,,,,,,,,,,,,,
,,,,LAO,Laos,12,,,,,,,,,,,,,,,,,,,,,,,,,,,,,,,,,,,,,,,,,,,,,,,,,,,,,,,,,,,,,,,,,,,,,
,,,,LBN,Lebanon,146,,,,,,,,,,,,,,,,,,,,,,,,,,,,,,,,,,,,,,,,,,,,,,,,,,,,,,,,,,,,,,,,,,,,,
,,,,LBR,Liberia,210,,,,,,,,,,,,,,,,,,,,,,,,,,,,,,,,,,,,,,,,,,,,,,,,,,,,,,,,,,,,,,,,,,,,,
,,,,LBY,Libya,147,,,,,,,,,,,,,,,,,,,,,,,,,,,,,,,,,,,,,,,,,,,,,,,,,,,,,,,,,,,,,,,,,,,,,
,,,,LCA,Saint Lucia,116,,,,,,,,,,,,,,,,,,,,,,,,,,,,,,,,,,,,,,,,,,,,,,,,,,,,,,,,,,,,,,,,,,,,,
,,,,LKA,Sri Lanka,17,,,,,,,,,,,,,,,,,,,,,,,,,,,,,,,,,,,,,,,,,,,,,,,,,,,,,,,,,,,,,,,,,,,,,
,,,,LSO,Lesotho,194,,,,,,,,,,,,,,,,,,,,,,,,,,,,,,,,,,,,,,,,,,,,,,,,,,,,,,,,,,,,,,,,,,,,,
,,,,LTU,Lithuania,60,,,,,,,,,,,,,,,,,,,,,,,,,,,,,,,,,,,,,,,,,,,,,,,,,,,,,,,,,,,,,,,,,,,,,
,,,,LVA,Latvia,59,,,,,,,,,,,,,,,,,,,,,,,,,,,,,,,,,,,,,,,,,,,,,,,,,,,,,,,,,,,,,,,,,,,,,
,,,,MAR,Morocco,148,,,,,,,,,,,,,,,,,,,,,,,,,,,,,,,,,,,,,,,,,,,,,,,,,,,,,,,,,,,,,,,,,,,,,
,,,,MDA,Moldova,61,,,,,,,,,,,,,,,,,,,,,,,,,,,,,,,,,,,,,,,,,,,,,,,,,,,,,,,,,,,,,,,,,,,,,
,,,,MDG,Madagascar,181,,,,,,,,,,,,,,,,,,,,,,,,,,,,,,,,,,,,,,,,,,,,,,,,,,,,,,,,,,,,,,,,,,,,,
,,,,MDV,Maldives,14,,,,,,,,,,,,,,,,,,,,,,,,,,,,,,,,,,,,,,,,,,,,,,,,,,,,,,,,,,,,,,,,,,,,,
,,,,MEX,Mexico,130,,,,,,,,,,,,,,,,,,,,,,,,,,,,,,,,,,,,,,,,,,,,,,,,,,,,,,,,,,,,,,,,,,,,,
,,,,MHL,Marshall Islands,24,,,,,,,,,,,,,,,,,,,,,,,,,,,,,,,,,,,,,,,,,,,,,,,,,,,,,,,,,,,,,,,,,,,,,
,,,,MKD,Macedonia,49,,,,,,,,,,,,,,,,,,,,,,,,,,,,,,,,,,,,,,,,,,,,,,,,,,,,,,,,,,,,,,,,,,,,,
,,,,MLI,Mali,211,,,,,,,,,,,,,,,,,,,,,,,,,,,,,,,,,,,,,,,,,,,,,,,,,,,,,,,,,,,,,,,,,,,,,
,,,,MLT,Malta,88,,,,,,,,,,,,,,,,,,,,,,,,,,,,,,,,,,,,,,,,,,,,,,,,,,,,,,,,,,,,,,,,,,,,,
,,,,MMR,Myanmar,15,,,,,,,,,,,,,,,,,,,,,,,,,,,,,,,,,,,,,,,,,,,,,,,,,,,,,,,,,,,,,,,,,,,,,
,,,,MNE,Montenegro,50,,,,,,,,,,,,,,,,,,,,,,,,,,,,,,,,,,,,,,,,,,,,,,,,,,,,,,,,,,,,,,,,,,,,,
,,,,MNG,Mongolia,38,,,,,,,,,,,,,,,,,,,,,,,,,,,,,,,,,,,,,,,,,,,,,,,,,,,,,,,,,,,,,,,,,,,,,
,,,,MNP,Northern Mariana Islands,376,,,,,,,,,,,,,,,,,,,,,,,,,,,,,,,,,,,,,,,,,,,,,,,,,,,,,,,,,,,,,,,,,,,,,
,,,,MOZ,Mozambique,184,,,,,,,,,,,,,,,,,,,,,,,,,,,,,,,,,,,,,,,,,,,,,,,,,,,,,,,,,,,,,,,,,,,,,
,,,,MRT,Mauritania,212,,,,,,,,,,,,,,,,,,,,,,,,,,,,,,,,,,,,,,,,,,,,,,,,,,,,,,,,,,,,,,,,,,,,,
,,,,MSR,Montserrat,368,,,,,,,,,,,,,,,,,,,,,,,,,,,,,,,,,,,,,,,,,,,,,,,,,,,,,,,,,,,,,,,,,,,,,
,,,,MUS,Mauritius,183,,,,,,,,,,,,,,,,,,,,,,,,,,,,,,,,,,,,,,,,,,,,,,,,,,,,,,,,,,,,,,,,,,,,,
,,,,MWI,Malawi,182,,,,,,,,,,,,,,,,,,,,,,,,,,,,,,,,,,,,,,,,,,,,,,,,,,,,,,,,,,,,,,,,,,,,,
,,,,MYS,Malaysia,13,,,,,,,,,,,,,,,,,,,,,,,,,,,,,,,,,,,,,,,,,,,,,,,,,,,,,,,,,,,,,,,,,,,,,
,,,,MYT,Mayotte,364,,,,,,,,,,,,,,,,,,,,,,,,,,,,,,,,,,,,,,,,,,,,,,,,,,,,,,,,,,,,,,,,,,,,,
,,,,NAM,Namibia,195,,,,,,,,,,,,,,,,,,,,,,,,,,,,,,,,,,,,,,,,,,,,,,,,,,,,,,,,,,,,,,,,,,,,,
,,,,NER,Niger,213,,,,,,,,,,,,,,,,,,,,,,,,,,,,,,,,,,,,,,,,,,,,,,,,,,,,,,,,,,,,,,,,,,,,,
,,,,NGA,Nigeria,214,,,,,,,,,,,,,,,,,,,,,,,,,,,,,,,,,,,,,,,,,,,,,,,,,,,,,,,,,,,,,,,,,,,,,
,,,,NIC,Nicaragua,131,,,,,,,,,,,,,,,,,,,,,,,,,,,,,,,,,,,,,,,,,,,,,,,,,,,,,,,,,,,,,,,,,,,,,
,,,,NIU,Niue,374,,,,,,,,,,,,,,,,,,,,,,,,,,,,,,,,,,,,,,,,,,,,,,,,,,,,,,,,,,,,,,,,,,,,,
,,,,NPL,Nepal,164,,,,,,,,,,,,,,,,,,,,,,,,,,,,,,,,,,,,,,,,,,,,,,,,,,,,,,,,,,,,,,,,,,,,,
,,,,NRU,Nauru,369,,,,,,,,,,,,,,,,,,,,,,,,,,,,,,,,,,,,,,,,,,,,,,,,,,,,,,,,,,,,,,,,,,,,,
,,,,OMN,Oman,150,,,,,,,,,,,,,,,,,,,,,,,,,,,,,,,,,,,,,,,,,,,,,,,,,,,,,,,,,,,,,,,,,,,,,
,,,,PAK,Pakistan,165,,,,,,,,,,,,,,,,,,,,,,,,,,,,,,,,,,,,,,,,,,,,,,,,,,,,,,,,,,,,,,,,,,,,,
,,,,PAN,Panama,132,,,,,,,,,,,,,,,,,,,,,,,,,,,,,,,,,,,,,,,,,,,,,,,,,,,,,,,,,,,,,,,,,,,,,
,,,,PER,Peru,123,,,,,,,,,,,,,,,,,,,,,,,,,,,,,,,,,,,,,,,,,,,,,,,,,,,,,,,,,,,,,,,,,,,,,
,,,,PHL,Philippines,16,,,,,,,,,,,,,,,,,,,,,,,,,,,,,,,,,,,,,,,,,,,,,,,,,,,,,,,,,,,,,,,,,,,,,
,,,,PLW,Palau,380,,,,,,,,,,,,,,,,,,,,,,,,,,,,,,,,,,,,,,,,,,,,,,,,,,,,,,,,,,,,,,,,,,,,,
,,,,PNG,Papua New Guinea,26,,,,,,,,,,,,,,,,,,,,,,,,,,,,,,,,,,,,,,,,,,,,,,,,,,,,,,,,,,,,,,,,,,,,,
,,,,POL,Poland,51,,,,,,,,,,,,,,,,,,,,,,,,,,,,,,,,,,,,,,,,,,,,,,,,,,,,,,,,,,,,,,,,,,,,,
,,,,PRK,North Korea,7,,,,,,,,,,,,,,,,,,,,,,,,,,,,,,,,,,,,,,,,,,,,,,,,,,,,,,,,,,,,,,,,,,,,,
,,,,PRY,Paraguay,136,,,,,,,,,,,,,,,,,,,,,,,,,,,,,,,,,,,,,,,,,,,,,,,,,,,,,,,,,,,,,,,,,,,,,
,,,,PSE,Palestine,149,,,,,,,,,,,,,,,,,,,,,,,,,,,,,,,,,,,,,,,,,,,,,,,,,,,,,,,,,,,,,,,,,,,,,
,,,,QZA,Unallocated/Unspecified,44598,,,,,,,,,,,,,,,,,,,,,,,,,,,,,,,,,,,,,,,,,,,,,,,,,,,,,,,,,,,,,,,,,,,,,
,,,,ROU,Romania,52,,,,,,,,,,,,,,,,,,,,,,,,,,,,,,,,,,,,,,,,,,,,,,,,,,,,,,,,,,,,,,,,,,,,,
,,,,RUS,Russia,62,,,,,,,,,,,,,,,,,,,,,,,,,,,,,,,,,,,,,,,,,,,,,,,,,,,,,,,,,,,,,,,,,,,,,
,,,,RWA,Rwanda,185,,,,,,,,,,,,,,,,,,,,,,,,,,,,,,,,,,,,,,,,,,,,,,,,,,,,,,,,,,,,,,,,,,,,,
,,,,SAU,Saudi Arabia,152,,,,,,,,,,,,,,,,,,,,,,,,,,,,,,,,,,,,,,,,,,,,,,,,,,,,,,,,,,,,,,,,,,,,,
,,,,SDN,Sudan,522,,,,,,,,,,,,,,,,,,,,,,,,,,,,,,,,,,,,,,,,,,,,,,,,,,,,,,,,,,,,,,,,,,,,,
,,,,SEN,Senegal,216,,,,,,,,,,,,,,,,,,,,,,,,,,,,,,,,,,,,,,,,,,,,,,,,,,,,,,,,,,,,,,,,,,,,,
,,,,SHN,Saint Helena,392,,,,,,,,,,,,,,,,,,,,,,,,,,,,,,,,,,,,,,,,,,,,,,,,,,,,,,,,,,,,,,,,,,,,,
,,,,SLB,Solomon Islands,28,,,,,,,,,,,,,,,,,,,,,,,,,,,,,,,,,,,,,,,,,,,,,,,,,,,,,,,,,,,,,,,,,,,,,
,,,,SLE,Sierra Leone,217,,,,,,,,,,,,,,,,,,,,,,,,,,,,,,,,,,,,,,,,,,,,,,,,,,,,,,,,,,,,,,,,,,,,,
,,,,SLV,El Salvador,127,,,,,,,,,,,,,,,,,,,,,,,,,,,,,,,,,,,,,,,,,,,,,,,,,,,,,,,,,,,,,,,,,,,,,
,,,,SOM,Somalia,187,,,,,,,,,,,,,,,,,,,,,,,,,,,,,,,,,,,,,,,,,,,,,,,,,,,,,,,,,,,,,,,,,,,,,
,,,,SRB,Serbia,53,,,,,,,,,,,,,,,,,,,,,,,,,,,,,,,,,,,,,,,,,,,,,,,,,,,,,,,,,,,,,,,,,,,,,
,,,,SSD,South Sudan,435,,,,,,,,,,,,,,,,,,,,,,,,,,,,,,,,,,,,,,,,,,,,,,,,,,,,,,,,,,,,,,,,,,,,,
,,,,STP,Sao Tome and Principe,215,,,,,,,,,,,,,,,,,,,,,,,,,,,,,,,,,,,,,,,,,,,,,,,,,,,,,,,,,,,,,,,,,,,,,
,,,,SUR,Suriname,118,,,,,,,,,,,,,,,,,,,,,,,,,,,,,,,,,,,,,,,,,,,,,,,,,,,,,,,,,,,,,,,,,,,,,
,,,,SVK,Slovakia,54,,,,,,,,,,,,,,,,,,,,,,,,,,,,,,,,,,,,,,,,,,,,,,,,,,,,,,,,,,,,,,,,,,,,,
,,,,SVN,Slovenia,55,,,,,,,,,,,,,,,,,,,,,,,,,,,,,,,,,,,,,,,,,,,,,,,,,,,,,,,,,,,,,,,,,,,,,
,,,,SWZ,Swaziland,197,,,,,,,,,,,,,,,,,,,,,,,,,,,,,,,,,,,,,,,,,,,,,,,,,,,,,,,,,,,,,,,,,,,,,
,,,,SYC,Seychelles,186,,,,,,,,,,,,,,,,,,,,,,,,,,,,,,,,,,,,,,,,,,,,,,,,,,,,,,,,,,,,,,,,,,,,,
,,,,SYR,Syria,153,,,,,,,,,,,,,,,,,,,,,,,,,,,,,,,,,,,,,,,,,,,,,,,,,,,,,,,,,,,,,,,,,,,,,
,,,,TCA,Turks and Caicos Islands,415,,,,,,,,,,,,,,,,,,,,,,,,,,,,,,,,,,,,,,,,,,,,,,,,,,,,,,,,,,,,,,,,,,,,,
,,,,TCD,Chad,204,,,,,,,,,,,,,,,,,,,,,,,,,,,,,,,,,,,,,,,,,,,,,,,,,,,,,,,,,,,,,,,,,,,,,
,,,,TGO,Togo,218,,,,,,,,,,,,,,,,,,,,,,,,,,,,,,,,,,,,,,,,,,,,,,,,,,,,,,,,,,,,,,,,,,,,,
,,,,THA,Thailand,18,,,,,,,,,,,,,,,,,,,,,,,,,,,,,,,,,,,,,,,,,,,,,,,,,,,,,,,,,,,,,,,,,,,,,
,,,,TJK,Tajikistan,39,,,,,,,,,,,,,,,,,,,,,,,,,,,,,,,,,,,,,,,,,,,,,,,,,,,,,,,,,,,,,,,,,,,,,
,,,,TKL,Tokelau,413,,,,,,,,,,,,,,,,,,,,,,,,,,,,,,,,,,,,,,,,,,,,,,,,,,,,,,,,,,,,,,,,,,,,,
,,,,TKM,Turkmenistan,40,,,,,,,,,,,,,,,,,,,,,,,,,,,,,,,,,,,,,,,,,,,,,,,,,,,,,,,,,,,,,,,,,,,,,
,,,,TLS,Timor-Leste,19,,,,,,,,,,,,,,,,,,,,,,,,,,,,,,,,,,,,,,,,,,,,,,,,,,,,,,,,,,,,,,,,,,,,,
,,,,TON,Tonga,29,,,,,,,,,,,,,,,,,,,,,,,,,,,,,,,,,,,,,,,,,,,,,,,,,,,,,,,,,,,,,,,,,,,,,
,,,,TTO,Trinidad and Tobago,119,,,,,,,,,,,,,,,,,,,,,,,,,,,,,,,,,,,,,,,,,,,,,,,,,,,,,,,,,,,,,,,,,,,,,
,,,,TUN,Tunisia,154,,,,,,,,,,,,,,,,,,,,,,,,,,,,,,,,,,,,,,,,,,,,,,,,,,,,,,,,,,,,,,,,,,,,,
,,,,TUR,Turkey,155,,,,,,,,,,,,,,,,,,,,,,,,,,,,,,,,,,,,,,,,,,,,,,,,,,,,,,,,,,,,,,,,,,,,,
,,,,TUV,Tuvalu,416,,,,,,,,,,,,,,,,,,,,,,,,,,,,,,,,,,,,,,,,,,,,,,,,,,,,,,,,,,,,,,,,,,,,,
,,,,TZA,Tanzania,189,,,,,,,,,,,,,,,,,,,,,,,,,,,,,,,,,,,,,,,,,,,,,,,,,,,,,,,,,,,,,,,,,,,,,
,,,,UGA,Uganda,190,,,,,,,,,,,,,,,,,,,,,,,,,,,,,,,,,,,,,,,,,,,,,,,,,,,,,,,,,,,,,,,,,,,,,
,,,,UKR,Ukraine,63,,,,,,,,,,,,,,,,,,,,,,,,,,,,,,,,,,,,,,,,,,,,,,,,,,,,,,,,,,,,,,,,,,,,,
,,,,URY,Uruguay,99,,,,,,,,,,,,,,,,,,,,,,,,,,,,,,,,,,,,,,,,,,,,,,,,,,,,,,,,,,,,,,,,,,,,,
,,,,UZB,Uzbekistan,41,,,,,,,,,,,,,,,,,,,,,,,,,,,,,,,,,,,,,,,,,,,,,,,,,,,,,,,,,,,,,,,,,,,,,
,,,,VCT,Saint Vincent and the Grenadines,117,,,,,,,,,,,,,,,,,,,,,,,,,,,,,,,,,,,,,,,,,,,,,,,,,,,,,,,,,,,,,,,,,,,,,
,,,,VEN,Venezuela,133,,,,,,,,,,,,,,,,,,,,,,,,,,,,,,,,,,,,,,,,,,,,,,,,,,,,,,,,,,,,,,,,,,,,,
,,,,VNM,Vietnam,20,,,,,,,,,,,,,,,,,,,,,,,,,,,,,,,,,,,,,,,,,,,,,,,,,,,,,,,,,,,,,,,,,,,,,
,,,,VUT,Vanuatu,30,,,,,,,,,,,,,,,,,,,,,,,,,,,,,,,,,,,,,,,,,,,,,,,,,,,,,,,,,,,,,,,,,,,,,
,,,,WLD,Global,1,,,,,,,,,,,,,,,,,,,,,,,,,,,,,,,,,,,,,,,,,,,,,,,,,,,,,,,,,,,,,,,,,,,,,
,,,,WLF,Wallis and Futuna Islands,423,,,,,,,,,,,,,,,,,,,,,,,,,,,,,,,,,,,,,,,,,,,,,,,,,,,,,,,,,,,,,,,,,,,,,
,,,,WSM,Samoa,27,,,,,,,,,,,,,,,,,,,,,,,,,,,,,,,,,,,,,,,,,,,,,,,,,,,,,,,,,,,,,,,,,,,,,
,,,,YEM,Yemen,157,,,,,,,,,,,,,,,,,,,,,,,,,,,,,,,,,,,,,,,,,,,,,,,,,,,,,,,,,,,,,,,,,,,,,
,,,,ZAF,South Africa,196,,,,,,,,,,,,,,,,,,,,,,,,,,,,,,,,,,,,,,,,,,,,,,,,,,,,,,,,,,,,,,,,,,,,,
,,,,ZMB,Zambia,191,,,,,,,,,,,,,,,,,,,,,,,,,,,,,,,,,,,,,,,,,,,,,,,,,,,,,,,,,,,,,,,,,,,,,
,,,,ZWE,Zimbabwe,198,,,,,,,,,,,,,,,,,,,,,,,,,,,,,,,,,,,,,,,,,,,,,,,,,,,,,,,,,,,,,,,,,,,,,
